{"count":1,"self":130.2147584,"total":1320.0827355,"children":{"InitializeActuators":{"count":9,"self":0.00099629999999999988,"total":0.00099629999999999988,"children":null},"InitializeSensors":{"count":9,"self":0.0009975,"total":0.0009975,"children":null},"AgentSendState":{"count":555601,"self":1.0699546,"total":5.5062107,"children":{"CollectObservations":{"count":500049,"self":0.395793,"total":0.395793,"children":null},"WriteActionMask":{"count":500049,"self":0.0987738,"total":0.0987738,"children":null},"RequestDecision":{"count":500049,"self":0.56187049999999994,"total":3.9416892999999997,"children":{"AgentInfo.ToProto":{"count":500049,"self":0.67420309999999994,"total":3.3798188,"children":{"GenerateSensorData":{"count":500049,"self":2.7056156,"total":2.7056157,"children":null}}}}}}},"DecideAction":{"count":555601,"self":1177.6231424,"total":1177.6231552,"children":null},"AgentAct":{"count":555601,"self":5.5972956,"total":6.7356200999999993,"children":{"AgentInfo.ToProto":{"count":71441,"self":0.1876913,"total":1.1383246,"children":{"GenerateSensorData":{"count":71441,"self":0.9506332999999999,"total":0.9506332999999999,"children":null}}}}}},"gauges":{"RollerBall.CumulativeReward":{"count":71441,"max":6,"min":0,"runningAverage":1.0753572,"value":1,"weightedAverage":1.00344658}},"metadata":{"timer_format_version":"0.1.0","start_time_seconds":"1659576088","unity_version":"2020.3.36f1","command_line_arguments":"C:\\Program Files\\2020.3.36f1\\Editor\\Unity.exe -projectpath D:\\Unity\\3DRoller -useHub -hubIPC -cloudEnvironment production -licensingIpc LicenseClient-qzsGECRwlHsMoM7uZ49s3 -hubSessionId 0807f560-1389-11ed-b427-ffc49fbb5c88 -accessToken fNDMADbtLYk6Zei7tNj0O8PFJxC3f_7GZBqjoJ0OnIs00ef","communication_protocol_version":"1.5.0","com.unity.ml-agents_version":"2.0.1","scene_name":"3DRoller","end_time_seconds":"1659577408"}}